{"lr": [0.09987830370664597], "loss": [20.8548424243927], "accuracy": [0.34335583448410034], "lfw": [0.9158333333333334], "lfw_thresh": [0.3234417736530304], "cfp_fp": [0.6551428571428571], "cfp_fp_thresh": [0.2919921875], "agedb_30": [0.6835], "agedb_30_thresh": [0.3723573684692383], "regular_loss": [3.8698394298553467]}